<configuration scan="true" scanPeriod="30 seconds" > 

	<contextName>contacts</contextName>
	<jmxConfigurator />

	<appender name="STDOUT" class="ch.qos.logback.core.ConsoleAppender">
		<encoder>
			<charset>UTF-8</charset>
			<pattern>%d{HH:mm:ss} %-5level [%contextName] %logger{40} -| %msg %rEx%n</pattern>
		</encoder>
	</appender>
	
	<root level="warn">
		<appender-ref ref="STDOUT" />
	</root>
	<!-- 
	<logger name="ir.asta.training.contacts" level="INFO"  /> 
	 -->

</configuration>